Population, Threads, Time, Evaluations
512, 2, 12.81448, 55361
256, 4, 3.743988, 28906
